source;target;onset.censored;terminus.censored;duration;edge.id;onset;terminus
27;5;FALSE;FALSE;1;1;1619;1620
27;5;FALSE;FALSE;1;2;1619;1620
27;5;FALSE;FALSE;1;3;1619;1620
27;5;FALSE;FALSE;1;4;1619;1620
27;5;FALSE;FALSE;1;5;1619;1620
5;27;FALSE;FALSE;1;6;1619;1620
27;28;FALSE;FALSE;1;7;1622;1623
27;29;FALSE;FALSE;1;8;1623;1624
61;27;FALSE;FALSE;1;9;1625;1626
27;28;FALSE;FALSE;1;10;1625;1626
27;56;FALSE;FALSE;1;11;1625;1626
27;56;FALSE;FALSE;1;12;1626;1627
27;29;FALSE;FALSE;1;13;1626;1627
4;27;FALSE;FALSE;1;14;1628;1629
27;41;FALSE;FALSE;1;15;1629;1630
27;22;FALSE;FALSE;1;16;1629;1630
27;56;FALSE;FALSE;1;17;1629;1630
27;56;FALSE;FALSE;1;18;1629;1630
27;56;FALSE;FALSE;1;19;1629;1630
27;56;FALSE;FALSE;1;20;1629;1630
27;56;FALSE;FALSE;1;21;1629;1630
27;73;FALSE;FALSE;1;22;1634;1635
27;56;FALSE;FALSE;1;23;1630;1631
27;56;FALSE;FALSE;1;24;1630;1631
27;56;FALSE;FALSE;1;25;1630;1631
27;56;FALSE;FALSE;1;26;1630;1631
27;56;FALSE;FALSE;1;27;1630;1631
27;56;FALSE;FALSE;1;28;1630;1631
27;56;FALSE;FALSE;1;29;1630;1631
27;56;FALSE;FALSE;1;30;1630;1631
27;5;FALSE;FALSE;1;31;1630;1631
27;5;FALSE;FALSE;1;32;1630;1631
27;56;FALSE;FALSE;1;33;1630;1631
27;56;FALSE;FALSE;1;34;1630;1631
27;22;FALSE;FALSE;1;35;1630;1631
27;56;FALSE;FALSE;1;36;1630;1631
27;56;FALSE;FALSE;1;37;1630;1631
27;56;FALSE;FALSE;1;38;1631;1632
27;56;FALSE;FALSE;1;39;1631;1632
4;27;FALSE;FALSE;1;40;1631;1632
27;4;FALSE;FALSE;1;41;1631;1632
27;4;FALSE;FALSE;1;42;1631;1632
27;73;FALSE;FALSE;1;43;1631;1632
27;56;FALSE;FALSE;1;44;1631;1632
27;42;FALSE;FALSE;1;45;1632;1633
27;42;FALSE;FALSE;1;46;1632;1633
27;56;FALSE;FALSE;1;47;1632;1633
27;56;FALSE;FALSE;1;48;1632;1633
27;56;FALSE;FALSE;1;49;1632;1633
27;87;FALSE;FALSE;1;50;1632;1633
27;56;FALSE;FALSE;1;51;1632;1633
27;56;FALSE;FALSE;1;52;1632;1633
27;56;FALSE;FALSE;1;53;1632;1633
27;87;FALSE;FALSE;1;54;1633;1634
27;56;FALSE;FALSE;1;55;1633;1634
27;56;FALSE;FALSE;1;56;1633;1634
27;80;FALSE;FALSE;1;57;1633;1634
27;87;FALSE;FALSE;1;58;1633;1634
27;56;FALSE;FALSE;1;59;1634;1635
27;56;FALSE;FALSE;1;60;1634;1635
27;56;FALSE;FALSE;1;61;1634;1635
27;56;FALSE;FALSE;1;62;1634;1635
27;56;FALSE;FALSE;1;63;1634;1635
27;5;FALSE;FALSE;1;64;1634;1635
27;60;FALSE;FALSE;1;65;1634;1635
27;56;FALSE;FALSE;1;66;1634;1635
27;56;FALSE;FALSE;1;67;1635;1636
27;56;FALSE;FALSE;1;68;1635;1636
27;42;FALSE;FALSE;1;69;1635;1636
27;53;FALSE;FALSE;1;70;1635;1636
53;27;FALSE;FALSE;1;71;1635;1636
27;42;FALSE;FALSE;1;72;1635;1636
56;27;FALSE;FALSE;1;73;1635;1636
53;27;FALSE;FALSE;1;74;1635;1636
27;53;FALSE;FALSE;1;75;1635;1636
53;27;FALSE;FALSE;1;76;1635;1636
27;53;FALSE;FALSE;1;77;1635;1636
27;53;FALSE;FALSE;1;78;1635;1636
27;56;FALSE;FALSE;1;79;1636;1637
27;53;FALSE;FALSE;1;80;1636;1637
53;27;FALSE;FALSE;1;81;1636;1637
27;53;FALSE;FALSE;1;82;1636;1637
27;53;FALSE;FALSE;1;83;1636;1637
53;27;FALSE;FALSE;1;84;1636;1637
53;27;FALSE;FALSE;1;85;1636;1637
27;53;FALSE;FALSE;1;86;1636;1637
53;27;FALSE;FALSE;1;87;1636;1637
27;53;FALSE;FALSE;1;88;1636;1637
27;53;FALSE;FALSE;1;89;1637;1638
53;27;FALSE;FALSE;1;90;1637;1638
56;27;FALSE;FALSE;1;91;1637;1638
53;27;FALSE;FALSE;1;92;1637;1638
27;53;FALSE;FALSE;1;93;1637;1638
53;27;FALSE;FALSE;1;94;1637;1638
27;53;FALSE;FALSE;1;95;1637;1638
27;53;FALSE;FALSE;1;96;1637;1638
53;27;FALSE;FALSE;1;97;1637;1638
27;53;FALSE;FALSE;1;98;1637;1638
27;56;FALSE;FALSE;1;99;1637;1638
27;56;FALSE;FALSE;1;100;1637;1638
27;53;FALSE;FALSE;1;101;1637;1638
27;56;FALSE;FALSE;1;102;1637;1638
27;45;FALSE;FALSE;1;103;1637;1638
27;53;FALSE;FALSE;1;104;1637;1638
27;56;FALSE;FALSE;1;105;1637;1638
53;27;FALSE;FALSE;1;106;1637;1638
27;53;FALSE;FALSE;1;107;1637;1638
27;87;FALSE;FALSE;1;108;1637;1638
27;21;FALSE;FALSE;1;109;1637;1638
27;4;FALSE;FALSE;1;110;1637;1638
27;36;FALSE;FALSE;1;111;1637;1638
27;56;FALSE;FALSE;1;112;1637;1638
53;27;FALSE;FALSE;1;113;1637;1638
27;53;FALSE;FALSE;1;114;1637;1638
27;53;FALSE;FALSE;1;115;1637;1638
69;27;FALSE;FALSE;1;117;1637;1638
53;27;FALSE;FALSE;1;118;1637;1638
27;36;FALSE;FALSE;1;119;1637;1638
27;69;FALSE;FALSE;1;120;1637;1638
27;39;FALSE;FALSE;1;121;1637;1638
27;53;FALSE;FALSE;1;123;1637;1638
27;56;FALSE;FALSE;1;124;1637;1638
27;56;FALSE;FALSE;1;125;1637;1638
56;27;FALSE;FALSE;1;127;1637;1638
53;27;FALSE;FALSE;1;128;1637;1638
27;56;FALSE;FALSE;1;129;1637;1638
27;53;FALSE;FALSE;1;130;1637;1638
27;69;FALSE;FALSE;1;131;1637;1638
27;56;FALSE;FALSE;1;132;1638;1639
27;56;FALSE;FALSE;1;133;1638;1639
69;27;FALSE;FALSE;1;134;1638;1639
27;56;FALSE;FALSE;1;135;1638;1639
27;46;FALSE;FALSE;1;136;1638;1639
53;27;FALSE;FALSE;1;137;1638;1639
27;53;FALSE;FALSE;1;138;1638;1639
27;70;FALSE;FALSE;1;139;1638;1639
27;69;FALSE;FALSE;1;140;1638;1639
60;27;FALSE;FALSE;1;141;1638;1639
27;83;FALSE;FALSE;1;142;1638;1639
27;25;FALSE;FALSE;1;143;1638;1639
19;27;FALSE;FALSE;1;144;1638;1639
27;53;FALSE;FALSE;1;145;1638;1639
69;27;FALSE;FALSE;1;146;1638;1639
27;61;FALSE;FALSE;1;147;1638;1639
27;56;FALSE;FALSE;1;148;1638;1639
27;53;FALSE;FALSE;1;149;1638;1639
65;27;FALSE;FALSE;1;150;1638;1639
27;69;FALSE;FALSE;1;151;1638;1639
27;19;FALSE;FALSE;1;152;1638;1639
27;56;FALSE;FALSE;1;153;1638;1639
27;48;FALSE;FALSE;1;154;1638;1639
73;27;FALSE;FALSE;1;156;1638;1639
56;27;FALSE;FALSE;1;157;1638;1639
27;73;FALSE;FALSE;1;158;1638;1639
65;27;FALSE;FALSE;1;160;1638;1639
27;56;FALSE;FALSE;1;161;1638;1639
27;56;FALSE;FALSE;1;162;1638;1639
27;53;FALSE;FALSE;1;163;1638;1639
27;47;FALSE;FALSE;1;164;1638;1639
27;56;FALSE;FALSE;1;165;1638;1639
27;56;FALSE;FALSE;1;167;1638;1639
56;27;FALSE;FALSE;1;169;1638;1639
27;60;FALSE;FALSE;1;170;1638;1639
27;56;FALSE;FALSE;1;171;1638;1639
27;60;FALSE;FALSE;1;172;1638;1639
27;56;FALSE;FALSE;1;173;1638;1639
27;34;FALSE;FALSE;1;174;1638;1639
53;27;FALSE;FALSE;1;175;1638;1639
27;56;FALSE;FALSE;1;176;1638;1639
27;56;FALSE;FALSE;1;177;1638;1639
27;69;FALSE;FALSE;1;178;1638;1639
27;52;FALSE;FALSE;1;179;1638;1639
56;27;FALSE;FALSE;1;180;1638;1639
60;27;FALSE;FALSE;1;181;1638;1639
72;27;FALSE;FALSE;1;182;1638;1639
27;53;FALSE;FALSE;1;183;1638;1639
27;72;FALSE;FALSE;1;184;1638;1639
27;56;FALSE;FALSE;1;185;1638;1639
27;56;FALSE;FALSE;1;186;1638;1639
27;60;FALSE;FALSE;1;187;1638;1639
60;27;FALSE;FALSE;1;188;1638;1639
27;56;FALSE;FALSE;1;189;1638;1639
27;34;FALSE;FALSE;1;190;1638;1639
27;23;FALSE;FALSE;1;191;1638;1639
27;56;FALSE;FALSE;1;192;1638;1639
27;56;FALSE;FALSE;1;193;1638;1639
27;53;FALSE;FALSE;1;194;1638;1639
4;27;FALSE;FALSE;1;195;1638;1639
27;56;FALSE;FALSE;1;196;1639;1640
27;38;FALSE;FALSE;1;197;1639;1640
27;53;FALSE;FALSE;1;198;1639;1640
72;27;FALSE;FALSE;1;199;1639;1640
27;56;FALSE;FALSE;1;200;1639;1640
27;23;FALSE;FALSE;1;201;1639;1640
27;56;FALSE;FALSE;1;202;1639;1640
1;27;FALSE;FALSE;1;203;1639;1640
72;27;FALSE;FALSE;1;204;1639;1640
27;56;FALSE;FALSE;1;205;1639;1640
27;23;FALSE;FALSE;1;206;1639;1640
27;26;FALSE;FALSE;1;207;1639;1640
27;53;FALSE;FALSE;1;208;1639;1640
27;70;FALSE;FALSE;1;209;1639;1640
53;27;FALSE;FALSE;1;210;1639;1640
72;27;FALSE;FALSE;1;211;1639;1640
53;27;FALSE;FALSE;1;212;1639;1640
27;53;FALSE;FALSE;1;213;1639;1640
27;56;FALSE;FALSE;1;214;1639;1640
72;27;FALSE;FALSE;1;215;1639;1640
27;56;FALSE;FALSE;1;216;1639;1640
27;56;FALSE;FALSE;1;217;1639;1640
72;27;FALSE;FALSE;1;218;1639;1640
27;56;FALSE;FALSE;1;220;1639;1640
72;27;FALSE;FALSE;1;221;1639;1640
27;56;FALSE;FALSE;1;222;1639;1640
27;53;FALSE;FALSE;1;223;1639;1640
76;27;FALSE;FALSE;1;224;1639;1640
27;53;FALSE;FALSE;1;225;1639;1640
27;81;FALSE;FALSE;1;226;1639;1640
72;27;FALSE;FALSE;1;227;1639;1640
27;53;FALSE;FALSE;1;228;1639;1640
53;27;FALSE;FALSE;1;229;1639;1640
27;53;FALSE;FALSE;1;230;1639;1640
27;81;FALSE;FALSE;1;231;1639;1640
27;56;FALSE;FALSE;1;232;1639;1640
53;27;FALSE;FALSE;1;233;1639;1640
27;53;FALSE;FALSE;1;234;1639;1640
74;27;FALSE;FALSE;1;235;1645;1646
27;53;FALSE;FALSE;1;236;1640;1641
53;27;FALSE;FALSE;1;237;1640;1641
27;56;FALSE;FALSE;1;238;1640;1641
27;58;FALSE;FALSE;1;239;1640;1641
27;85;FALSE;FALSE;1;240;1640;1641
27;52;FALSE;FALSE;1;241;1640;1641
53;27;FALSE;FALSE;1;242;1640;1641
27;56;FALSE;FALSE;1;243;1640;1641
27;53;FALSE;FALSE;1;244;1640;1641
27;56;FALSE;FALSE;1;245;1640;1641
27;42;FALSE;FALSE;1;246;1640;1641
53;27;FALSE;FALSE;1;247;1640;1641
72;27;FALSE;FALSE;1;248;1640;1641
27;70;FALSE;FALSE;1;249;1640;1641
27;72;FALSE;FALSE;1;250;1640;1641
72;27;FALSE;FALSE;1;251;1640;1641
27;72;FALSE;FALSE;1;252;1640;1641
27;87;FALSE;FALSE;1;253;1640;1641
27;56;FALSE;FALSE;1;254;1640;1641
27;87;FALSE;FALSE;1;255;1640;1641
27;56;FALSE;FALSE;1;256;1640;1641
27;49;FALSE;FALSE;1;257;1640;1641
53;27;FALSE;FALSE;1;258;1640;1641
27;56;FALSE;FALSE;1;259;1640;1641
27;56;FALSE;FALSE;1;261;1640;1641
27;56;FALSE;FALSE;1;262;1640;1641
27;53;FALSE;FALSE;1;263;1640;1641
27;56;FALSE;FALSE;1;264;1640;1641
53;27;FALSE;FALSE;1;265;1640;1641
27;87;FALSE;FALSE;1;266;1640;1641
27;53;FALSE;FALSE;1;267;1640;1641
27;56;FALSE;FALSE;1;268;1640;1641
27;56;FALSE;FALSE;1;269;1640;1641
27;56;FALSE;FALSE;1;270;1640;1641
27;56;FALSE;FALSE;1;271;1640;1641
8;27;FALSE;FALSE;1;272;1640;1641
27;86;FALSE;FALSE;1;273;1640;1641
27;87;FALSE;FALSE;1;274;1640;1641
27;86;FALSE;FALSE;1;275;1640;1641
72;27;FALSE;FALSE;1;276;1640;1641
53;27;FALSE;FALSE;1;277;1640;1641
27;56;FALSE;FALSE;1;278;1640;1641
27;56;FALSE;FALSE;1;279;1640;1641
27;28;FALSE;FALSE;1;280;1640;1641
53;27;FALSE;FALSE;1;281;1640;1641
27;56;FALSE;FALSE;1;282;1640;1641
27;56;FALSE;FALSE;1;283;1640;1641
27;53;FALSE;FALSE;1;284;1640;1641
27;41;FALSE;FALSE;1;285;1640;1641
27;53;FALSE;FALSE;1;286;1640;1641
27;21;FALSE;FALSE;1;287;1640;1641
27;56;FALSE;FALSE;1;288;1640;1641
27;56;FALSE;FALSE;1;289;1640;1641
27;56;FALSE;FALSE;1;290;1640;1641
27;29;FALSE;FALSE;1;291;1640;1641
27;56;FALSE;FALSE;1;292;1640;1641
27;56;FALSE;FALSE;1;293;1640;1641
72;27;FALSE;FALSE;1;294;1640;1641
27;70;FALSE;FALSE;1;295;1641;1642
53;27;FALSE;FALSE;1;296;1641;1642
27;53;FALSE;FALSE;1;297;1641;1642
27;56;FALSE;FALSE;1;298;1641;1642
27;51;FALSE;FALSE;1;300;1641;1642
27;56;FALSE;FALSE;1;301;1641;1642
51;27;FALSE;FALSE;1;302;1641;1642
27;51;FALSE;FALSE;1;305;1641;1642
27;56;FALSE;FALSE;1;306;1641;1642
27;56;FALSE;FALSE;1;307;1641;1642
51;27;FALSE;FALSE;1;308;1641;1642
27;56;FALSE;FALSE;1;310;1641;1642
27;53;FALSE;FALSE;1;311;1641;1642
27;72;FALSE;FALSE;1;312;1641;1642
72;27;FALSE;FALSE;1;313;1641;1642
27;51;FALSE;FALSE;1;315;1641;1642
27;56;FALSE;FALSE;1;316;1641;1642
27;72;FALSE;FALSE;1;317;1641;1642
27;72;FALSE;FALSE;1;318;1641;1642
27;72;FALSE;FALSE;1;319;1641;1642
27;72;FALSE;FALSE;1;320;1641;1642
40;27;FALSE;FALSE;1;321;1641;1642
51;27;FALSE;FALSE;1;322;1641;1642
27;56;FALSE;FALSE;1;324;1641;1642
27;72;FALSE;FALSE;1;325;1641;1642
27;56;FALSE;FALSE;1;326;1641;1642
27;56;FALSE;FALSE;1;327;1641;1642
27;72;FALSE;FALSE;1;328;1641;1642
27;72;FALSE;FALSE;1;329;1641;1642
27;56;FALSE;FALSE;1;330;1641;1642
27;72;FALSE;FALSE;1;331;1641;1642
53;27;FALSE;FALSE;1;332;1641;1642
27;56;FALSE;FALSE;1;333;1641;1642
27;54;FALSE;FALSE;1;334;1641;1642
27;53;FALSE;FALSE;1;335;1641;1642
27;56;FALSE;FALSE;1;336;1641;1642
27;72;FALSE;FALSE;1;337;1641;1642
27;72;FALSE;FALSE;1;338;1641;1642
27;72;FALSE;FALSE;1;339;1641;1642
27;56;FALSE;FALSE;1;340;1641;1642
27;72;FALSE;FALSE;1;341;1641;1642
27;56;FALSE;FALSE;1;342;1641;1642
27;56;FALSE;FALSE;1;343;1641;1642
27;29;FALSE;FALSE;1;344;1641;1642
27;72;FALSE;FALSE;1;345;1642;1643
27;41;FALSE;FALSE;1;346;1642;1643
27;56;FALSE;FALSE;1;347;1642;1643
27;53;FALSE;FALSE;1;348;1642;1643
72;27;FALSE;FALSE;1;349;1642;1643
53;27;FALSE;FALSE;1;350;1642;1643
27;53;FALSE;FALSE;1;351;1642;1643
72;27;FALSE;FALSE;1;352;1642;1643
27;72;FALSE;FALSE;1;353;1642;1643
27;72;FALSE;FALSE;1;354;1642;1643
27;31;FALSE;FALSE;1;355;1642;1643
27;72;FALSE;FALSE;1;356;1642;1643
72;27;FALSE;FALSE;1;357;1642;1643
27;56;FALSE;FALSE;1;358;1642;1643
72;27;FALSE;FALSE;1;359;1642;1643
27;72;FALSE;FALSE;1;360;1642;1643
27;72;FALSE;FALSE;1;361;1642;1643
27;31;FALSE;FALSE;1;362;1642;1643
27;72;FALSE;FALSE;1;363;1642;1643
72;27;FALSE;FALSE;1;364;1642;1643
27;72;FALSE;FALSE;1;365;1642;1643
72;27;FALSE;FALSE;1;366;1642;1643
27;53;FALSE;FALSE;1;367;1642;1643
27;53;FALSE;FALSE;1;368;1642;1643
53;27;FALSE;FALSE;1;369;1642;1643
27;53;FALSE;FALSE;1;370;1642;1643
53;27;FALSE;FALSE;1;371;1642;1643
27;72;FALSE;FALSE;1;372;1642;1643
72;27;FALSE;FALSE;1;373;1642;1643
72;27;FALSE;FALSE;1;374;1642;1643
27;56;FALSE;FALSE;1;375;1642;1643
27;53;FALSE;FALSE;1;376;1642;1643
53;27;FALSE;FALSE;1;377;1642;1643
27;8;FALSE;FALSE;1;378;1642;1643
27;53;FALSE;FALSE;1;379;1642;1643
27;70;FALSE;FALSE;1;380;1642;1643
53;27;FALSE;FALSE;1;381;1642;1643
27;53;FALSE;FALSE;1;382;1642;1643
27;56;FALSE;FALSE;1;383;1642;1643
27;56;FALSE;FALSE;1;384;1642;1643
27;56;FALSE;FALSE;1;385;1642;1643
27;83;FALSE;FALSE;1;386;1642;1643
27;56;FALSE;FALSE;1;387;1642;1643
66;27;FALSE;FALSE;1;388;1643;1644
66;27;FALSE;FALSE;1;389;1643;1644
66;27;FALSE;FALSE;1;390;1643;1644
66;27;FALSE;FALSE;1;391;1643;1644
27;70;FALSE;FALSE;1;392;1643;1644
72;27;FALSE;FALSE;1;393;1643;1644
27;55;FALSE;FALSE;1;394;1643;1644
27;56;FALSE;FALSE;1;395;1643;1644
27;53;FALSE;FALSE;1;396;1643;1644
53;27;FALSE;FALSE;1;397;1643;1644
27;53;FALSE;FALSE;1;398;1643;1644
27;68;FALSE;FALSE;1;399;1643;1644
27;56;FALSE;FALSE;1;400;1643;1644
27;53;FALSE;FALSE;1;401;1643;1644
27;56;FALSE;FALSE;1;402;1643;1644
27;56;FALSE;FALSE;1;403;1643;1644
27;21;FALSE;FALSE;1;404;1643;1644
27;56;FALSE;FALSE;1;405;1643;1644
27;55;FALSE;FALSE;1;406;1643;1644
27;66;FALSE;FALSE;1;407;1643;1644
27;53;FALSE;FALSE;1;408;1643;1644
27;53;FALSE;FALSE;1;409;1643;1644
27;56;FALSE;FALSE;1;410;1643;1644
55;27;FALSE;FALSE;1;411;1643;1644
53;27;FALSE;FALSE;1;412;1643;1644
21;27;FALSE;FALSE;1;413;1643;1644
6;27;FALSE;FALSE;1;414;1643;1644
27;84;FALSE;FALSE;1;415;1643;1644
27;53;FALSE;FALSE;1;416;1643;1644
27;66;FALSE;FALSE;1;417;1643;1644
27;6;FALSE;FALSE;1;418;1643;1644
27;21;FALSE;FALSE;1;419;1643;1644
27;53;FALSE;FALSE;1;420;1643;1644
27;87;FALSE;FALSE;1;421;1643;1644
27;9;FALSE;FALSE;1;422;1643;1644
27;21;FALSE;FALSE;1;423;1643;1644
27;53;FALSE;FALSE;1;424;1643;1644
53;27;FALSE;FALSE;1;425;1643;1644
27;81;FALSE;FALSE;1;426;1643;1644
27;53;FALSE;FALSE;1;427;1643;1644
27;44;FALSE;FALSE;1;428;1643;1644
27;70;FALSE;FALSE;1;429;1643;1644
27;70;FALSE;FALSE;1;430;1643;1644
27;70;FALSE;FALSE;1;431;1643;1644
55;27;FALSE;FALSE;1;432;1643;1644
27;53;FALSE;FALSE;1;433;1643;1644
53;27;FALSE;FALSE;1;434;1643;1644
27;87;FALSE;FALSE;1;435;1643;1644
27;68;FALSE;FALSE;1;436;1643;1644
27;55;FALSE;FALSE;1;437;1643;1644
10;27;FALSE;FALSE;1;438;1643;1644
27;53;FALSE;FALSE;1;439;1643;1644
27;66;FALSE;FALSE;1;440;1643;1644
27;70;FALSE;FALSE;1;441;1643;1644
53;27;FALSE;FALSE;1;442;1643;1644
27;66;FALSE;FALSE;1;443;1643;1644
27;70;FALSE;FALSE;1;444;1643;1644
27;56;FALSE;FALSE;1;445;1643;1644
27;55;FALSE;FALSE;1;446;1643;1644
66;27;FALSE;FALSE;1;447;1644;1645
27;70;FALSE;FALSE;1;448;1644;1645
27;70;FALSE;FALSE;1;449;1644;1645
27;70;FALSE;FALSE;1;450;1644;1645
27;82;FALSE;FALSE;1;451;1644;1645
27;70;FALSE;FALSE;1;452;1644;1645
53;27;FALSE;FALSE;1;453;1644;1645
72;27;FALSE;FALSE;1;454;1644;1645
27;53;FALSE;FALSE;1;455;1644;1645
27;87;FALSE;FALSE;1;456;1644;1645
53;27;FALSE;FALSE;1;457;1644;1645
27;68;FALSE;FALSE;1;458;1644;1645
27;70;FALSE;FALSE;1;459;1644;1645
27;43;FALSE;FALSE;1;460;1644;1645
27;68;FALSE;FALSE;1;461;1644;1645
27;57;FALSE;FALSE;1;462;1644;1645
27;2;FALSE;FALSE;1;463;1644;1645
72;27;FALSE;FALSE;1;464;1644;1645
27;66;FALSE;FALSE;1;465;1644;1645
27;63;FALSE;FALSE;1;466;1644;1645
13;27;FALSE;FALSE;1;467;1644;1645
27;87;FALSE;FALSE;1;468;1644;1645
27;68;FALSE;FALSE;1;469;1644;1645
72;27;FALSE;FALSE;1;470;1644;1645
27;66;FALSE;FALSE;1;471;1644;1645
27;68;FALSE;FALSE;1;472;1644;1645
27;68;FALSE;FALSE;1;473;1644;1645
63;27;FALSE;FALSE;1;474;1644;1645
27;18;FALSE;FALSE;1;475;1644;1645
27;30;FALSE;FALSE;1;476;1644;1645
27;8;FALSE;FALSE;1;477;1644;1645
27;12;FALSE;FALSE;1;478;1644;1645
27;68;FALSE;FALSE;1;479;1644;1645
27;53;FALSE;FALSE;1;480;1644;1645
52;27;FALSE;FALSE;1;482;1644;1645
27;53;FALSE;FALSE;1;483;1644;1645
27;57;FALSE;FALSE;1;484;1645;1646
66;27;FALSE;FALSE;1;485;1645;1646
66;27;FALSE;FALSE;1;486;1645;1646
66;27;FALSE;FALSE;1;487;1645;1646
66;27;FALSE;FALSE;1;488;1645;1646
66;27;FALSE;FALSE;1;489;1645;1646
66;27;FALSE;FALSE;1;490;1645;1646
66;27;FALSE;FALSE;1;491;1645;1646
27;33;FALSE;FALSE;1;492;1645;1646
53;27;FALSE;FALSE;1;493;1645;1646
27;2;FALSE;FALSE;1;494;1645;1646
27;20;FALSE;FALSE;1;495;1645;1646
27;57;FALSE;FALSE;1;496;1645;1646
27;18;FALSE;FALSE;1;497;1645;1646
27;57;FALSE;FALSE;1;498;1645;1646
27;30;FALSE;FALSE;1;499;1645;1646
27;8;FALSE;FALSE;1;500;1645;1646
27;68;FALSE;FALSE;1;501;1645;1646
27;53;FALSE;FALSE;1;502;1645;1646
27;68;FALSE;FALSE;1;503;1645;1646
27;20;FALSE;FALSE;1;504;1645;1646
27;16;FALSE;FALSE;1;505;1645;1646
27;20;FALSE;FALSE;1;506;1645;1646
64;27;FALSE;FALSE;1;507;1645;1646
27;57;FALSE;FALSE;1;508;1645;1646
27;66;FALSE;FALSE;1;509;1645;1646
27;2;FALSE;FALSE;1;510;1645;1646
27;70;FALSE;FALSE;1;511;1645;1646
27;66;FALSE;FALSE;1;512;1645;1646
27;2;FALSE;FALSE;1;513;1645;1646
27;64;FALSE;FALSE;1;514;1645;1646
27;66;FALSE;FALSE;1;515;1645;1646
27;68;FALSE;FALSE;1;516;1645;1646
72;27;FALSE;FALSE;1;517;1645;1646
27;72;FALSE;FALSE;1;518;1645;1646
27;72;FALSE;FALSE;1;519;1645;1646
72;27;FALSE;FALSE;1;520;1645;1646
53;27;FALSE;FALSE;1;521;1645;1646
27;2;FALSE;FALSE;1;522;1645;1646
27;66;FALSE;FALSE;1;523;1645;1646
72;27;FALSE;FALSE;1;524;1645;1646
27;68;FALSE;FALSE;1;525;1645;1646
66;27;FALSE;FALSE;1;526;1645;1646
27;87;FALSE;FALSE;1;527;1645;1646
27;53;FALSE;FALSE;1;528;1645;1646
27;66;FALSE;FALSE;1;529;1645;1646
27;66;FALSE;FALSE;1;530;1645;1646
27;66;FALSE;FALSE;1;531;1645;1646
27;66;FALSE;FALSE;1;532;1645;1646
27;87;FALSE;FALSE;1;533;1645;1646
27;87;FALSE;FALSE;1;534;1645;1646
27;16;FALSE;FALSE;1;535;1645;1646
17;27;FALSE;FALSE;1;536;1645;1646
27;66;FALSE;FALSE;1;537;1645;1646
27;46;FALSE;FALSE;1;538;1645;1646
27;66;FALSE;FALSE;1;539;1645;1646
66;27;FALSE;FALSE;1;540;1645;1646
27;7;FALSE;FALSE;1;541;1645;1646
27;20;FALSE;FALSE;1;542;1645;1646
27;68;FALSE;FALSE;1;543;1645;1646
27;7;FALSE;FALSE;1;544;1646;1647
27;7;FALSE;FALSE;1;545;1646;1647
66;27;FALSE;FALSE;1;546;1646;1647
66;27;FALSE;FALSE;1;547;1646;1647
27;53;FALSE;FALSE;1;548;1646;1647
27;66;FALSE;FALSE;1;549;1646;1647
27;20;FALSE;FALSE;1;550;1646;1647
53;27;FALSE;FALSE;1;551;1646;1647
27;20;FALSE;FALSE;1;552;1646;1647
27;56;FALSE;FALSE;1;553;1646;1647
27;56;FALSE;FALSE;1;554;1646;1647
27;20;FALSE;FALSE;1;555;1646;1647
27;17;FALSE;FALSE;1;556;1646;1647
27;53;FALSE;FALSE;1;557;1646;1647
56;27;FALSE;FALSE;1;558;1646;1647
27;15;FALSE;FALSE;1;559;1646;1647
27;56;FALSE;FALSE;1;560;1646;1647
27;56;FALSE;FALSE;1;561;1646;1647
75;27;FALSE;FALSE;1;562;1646;1647
27;66;FALSE;FALSE;1;564;1646;1647
27;66;FALSE;FALSE;1;565;1646;1647
27;68;FALSE;FALSE;1;566;1646;1647
27;15;FALSE;FALSE;1;567;1646;1647
27;20;FALSE;FALSE;1;568;1646;1647
27;15;FALSE;FALSE;1;569;1646;1647
27;87;FALSE;FALSE;1;570;1646;1647
27;17;FALSE;FALSE;1;571;1646;1647
66;27;FALSE;FALSE;1;573;1646;1647
20;27;FALSE;FALSE;1;574;1646;1647
27;66;FALSE;FALSE;1;575;1646;1647
17;27;FALSE;FALSE;1;576;1646;1647
27;20;FALSE;FALSE;1;577;1646;1647
27;18;FALSE;FALSE;1;578;1646;1647
27;67;FALSE;FALSE;1;579;1646;1647
27;21;FALSE;FALSE;1;580;1646;1647
27;56;FALSE;FALSE;1;581;1646;1647
27;56;FALSE;FALSE;1;582;1646;1647
66;27;FALSE;FALSE;1;583;1646;1647
27;56;FALSE;FALSE;1;584;1646;1647
27;66;FALSE;FALSE;1;585;1646;1647
27;67;FALSE;FALSE;1;586;1646;1647
27;17;FALSE;FALSE;1;587;1646;1647
27;75;FALSE;FALSE;1;589;1646;1647
27;56;FALSE;FALSE;1;590;1646;1647
27;68;FALSE;FALSE;1;591;1646;1647
27;15;FALSE;FALSE;1;592;1646;1647
27;20;FALSE;FALSE;1;593;1646;1647
27;56;FALSE;FALSE;1;594;1646;1647
27;16;FALSE;FALSE;1;595;1646;1647
27;53;FALSE;FALSE;1;596;1646;1647
27;66;FALSE;FALSE;1;597;1646;1647
27;67;FALSE;FALSE;1;598;1646;1647
17;27;FALSE;FALSE;1;599;1646;1647
27;62;FALSE;FALSE;1;600;1646;1647
27;56;FALSE;FALSE;1;601;1646;1647
27;18;FALSE;FALSE;1;602;1646;1647
27;20;FALSE;FALSE;1;603;1646;1647
66;27;FALSE;FALSE;1;604;1647;1648
66;27;FALSE;FALSE;1;605;1647;1648
27;35;FALSE;FALSE;1;606;1647;1648
53;27;FALSE;FALSE;1;607;1647;1648
27;56;FALSE;FALSE;1;608;1647;1648
35;27;FALSE;FALSE;1;609;1647;1648
27;17;FALSE;FALSE;1;610;1647;1648
27;53;FALSE;FALSE;1;611;1647;1648
66;27;FALSE;FALSE;1;612;1647;1648
27;66;FALSE;FALSE;1;613;1647;1648
27;68;FALSE;FALSE;1;614;1647;1648
27;56;FALSE;FALSE;1;615;1647;1648
27;50;FALSE;FALSE;1;616;1647;1648
27;56;FALSE;FALSE;1;617;1647;1648
27;68;FALSE;FALSE;1;618;1647;1648
66;27;FALSE;FALSE;1;619;1647;1648
27;66;FALSE;FALSE;1;620;1647;1648
17;27;FALSE;FALSE;1;621;1647;1648
27;53;FALSE;FALSE;1;622;1647;1648
27;78;FALSE;FALSE;1;623;1647;1648
10;27;FALSE;FALSE;1;624;1647;1648
27;87;FALSE;FALSE;1;626;1647;1648
27;87;FALSE;FALSE;1;627;1647;1648
27;17;FALSE;FALSE;1;628;1647;1648
27;66;FALSE;FALSE;1;629;1647;1648
27;68;FALSE;FALSE;1;630;1647;1648
27;56;FALSE;FALSE;1;631;1647;1648
17;27;FALSE;FALSE;1;632;1647;1648
17;27;FALSE;FALSE;1;633;1647;1648
53;27;FALSE;FALSE;1;634;1647;1648
27;71;FALSE;FALSE;1;635;1647;1648
27;17;FALSE;FALSE;1;636;1647;1648
27;66;FALSE;FALSE;1;637;1647;1648
27;10;FALSE;FALSE;1;638;1647;1648
27;52;FALSE;FALSE;1;639;1647;1648
10;27;FALSE;FALSE;1;640;1647;1648
27;53;FALSE;FALSE;1;641;1647;1648
27;56;FALSE;FALSE;1;642;1647;1648
27;53;FALSE;FALSE;1;643;1647;1648
27;70;FALSE;FALSE;1;644;1648;1649
66;27;FALSE;FALSE;1;645;1648;1649
66;27;FALSE;FALSE;1;646;1648;1649
27;56;FALSE;FALSE;1;647;1648;1649
27;66;FALSE;FALSE;1;648;1648;1649
27;77;FALSE;FALSE;1;649;1648;1649
27;56;FALSE;FALSE;1;650;1648;1649
10;27;FALSE;FALSE;1;651;1648;1649
27;70;FALSE;FALSE;1;652;1648;1649
27;17;FALSE;FALSE;1;653;1648;1649
27;68;FALSE;FALSE;1;654;1648;1649
27;68;FALSE;FALSE;1;655;1648;1649
27;56;FALSE;FALSE;1;656;1648;1649
27;32;FALSE;FALSE;1;657;1648;1649
32;27;FALSE;FALSE;1;658;1648;1649
10;27;FALSE;FALSE;1;659;1648;1649
27;79;FALSE;FALSE;1;660;1648;1649
27;32;FALSE;FALSE;1;661;1648;1649
27;17;FALSE;FALSE;1;662;1648;1649
27;66;FALSE;FALSE;1;663;1648;1649
27;56;FALSE;FALSE;1;664;1648;1649
3;27;FALSE;FALSE;1;665;1648;1649
27;3;FALSE;FALSE;1;666;1648;1649
27;23;FALSE;FALSE;1;667;1648;1649
66;27;FALSE;FALSE;1;668;1648;1649
3;27;FALSE;FALSE;1;669;1648;1649
10;27;FALSE;FALSE;1;670;1648;1649
27;3;FALSE;FALSE;1;671;1648;1649
27;68;FALSE;FALSE;1;672;1648;1649
27;68;FALSE;FALSE;1;673;1648;1649
27;66;FALSE;FALSE;1;674;1648;1649
27;68;FALSE;FALSE;1;675;1648;1649
27;68;FALSE;FALSE;1;676;1648;1649
27;68;FALSE;FALSE;1;677;1648;1649
59;27;FALSE;FALSE;1;678;1648;1649
71;27;FALSE;FALSE;1;679;1648;1649
17;27;FALSE;FALSE;1;680;1648;1649
66;27;FALSE;FALSE;1;681;1649;1650
27;59;FALSE;FALSE;1;682;1649;1650
27;66;FALSE;FALSE;1;683;1649;1650
27;68;FALSE;FALSE;1;684;1649;1650
27;17;FALSE;FALSE;1;685;1649;1650
27;71;FALSE;FALSE;1;686;1649;1650
17;27;FALSE;FALSE;1;687;1649;1650
27;17;FALSE;FALSE;1;688;1649;1650
27;77;FALSE;FALSE;1;689;1649;1650
10;27;FALSE;FALSE;1;690;1649;1650
59;27;FALSE;FALSE;1;691;1649;1650
17;27;FALSE;FALSE;1;692;1649;1650
77;27;FALSE;FALSE;1;693;1649;1650
17;27;FALSE;FALSE;1;694;1649;1650
27;66;FALSE;FALSE;1;695;1649;1650
27;10;FALSE;FALSE;1;696;1649;1650
27;17;FALSE;FALSE;1;697;1649;1650
27;17;FALSE;FALSE;1;698;1649;1650
27;68;FALSE;FALSE;1;699;1649;1650
27;77;FALSE;FALSE;1;700;1649;1650
27;59;FALSE;FALSE;1;701;1649;1650
27;68;FALSE;FALSE;1;702;1649;1650
27;20;FALSE;FALSE;1;703;1649;1650
27;10;FALSE;FALSE;1;704;1649;1650
27;68;FALSE;FALSE;1;705;1649;1650
27;68;FALSE;FALSE;1;706;1649;1650
27;66;FALSE;FALSE;1;707;1649;1650
27;14;FALSE;FALSE;1;708;1649;1650
27;37;FALSE;FALSE;1;709;1649;1650
14;27;FALSE;FALSE;1;710;1649;1650
59;27;FALSE;FALSE;1;711;1649;1650
27;59;FALSE;FALSE;1;712;1649;1650
27;14;FALSE;FALSE;1;713;1649;1650
27;68;FALSE;FALSE;1;714;1649;1650
27;52;FALSE;FALSE;1;715;1649;1650
27;52;FALSE;FALSE;1;716;1649;1650
14;27;FALSE;FALSE;1;717;1649;1650
27;10;FALSE;FALSE;1;718;1649;1650
27;68;FALSE;FALSE;1;719;1649;1650
27;66;FALSE;FALSE;1;720;1649;1650
59;27;FALSE;FALSE;1;721;1649;1650
10;27;FALSE;FALSE;1;722;1649;1650
27;20;FALSE;FALSE;1;723;1649;1650
10;27;FALSE;FALSE;1;724;1649;1650
27;24;FALSE;FALSE;1;725;1649;1650
27;68;FALSE;FALSE;1;726;1649;1650
27;53;FALSE;FALSE;1;727;1649;1650
27;38;FALSE;FALSE;1;728;1649;1650
27;68;FALSE;FALSE;1;729;1649;1650
27;77;FALSE;FALSE;1;730;1649;1650
27;38;FALSE;FALSE;1;731;1650;1651
27;68;FALSE;FALSE;1;732;1650;1651
27;29;FALSE;FALSE;1;733;1650;1651
27;28;FALSE;FALSE;1;734;1650;1651